timestamp_utc,series,value
2026-09-25T11:34:15+00:00,"series",3.6254555555555488
2026-09-25T11:34:30+00:00,"series",0.9924895284438833
2026-09-25T11:34:45+00:00,"series",0.9886671288591339
2026-09-25T11:35:00+00:00,"series",0.9886149367205419
2026-09-25T11:35:15+00:00,"series",0.9885810101416939
2026-09-25T11:35:30+00:00,"series",0.9885571885571676
2026-09-25T11:35:45+00:00,"series",0.9886152229993195
2026-09-25T11:36:00+00:00,"series",NaN
2026-09-25T11:36:15+00:00,"series",NaN
2026-09-25T11:36:30+00:00,"series",NaN
2026-09-25T11:36:45+00:00,"series",NaN
2026-09-25T11:37:00+00:00,"series",NaN
2026-09-25T11:37:15+00:00,"series",NaN
2026-09-25T11:37:30+00:00,"series",NaN
2026-09-25T11:37:45+00:00,"series",NaN
2026-09-25T11:38:00+00:00,"series",NaN
2026-09-25T11:38:15+00:00,"series",NaN
2026-09-25T11:38:30+00:00,"series",NaN
2026-09-25T11:38:45+00:00,"series",NaN
2026-09-25T11:39:00+00:00,"series",NaN
2026-09-25T11:39:15+00:00,"series",NaN
2026-09-25T11:39:30+00:00,"series",NaN
2026-09-25T11:39:45+00:00,"series",NaN
2026-09-25T11:40:00+00:00,"series",NaN
2026-09-25T11:40:15+00:00,"series",NaN
2026-09-25T12:26:30+00:00,"series",0.985
2026-09-25T12:26:45+00:00,"series",0.985
2026-09-25T12:27:00+00:00,"series",0.985
2026-09-25T12:27:15+00:00,"series",0.985
2026-09-25T12:27:30+00:00,"series",0.985
2026-09-25T12:27:45+00:00,"series",0.985
2026-09-25T12:28:00+00:00,"series",0.9850000000000001
2026-09-25T12:28:15+00:00,"series",NaN
2026-09-25T12:28:30+00:00,"series",NaN
2026-09-25T12:28:45+00:00,"series",NaN
2026-09-25T12:29:00+00:00,"series",NaN
2026-09-25T12:29:15+00:00,"series",NaN
2026-09-25T12:29:30+00:00,"series",NaN
2026-09-25T12:29:45+00:00,"series",NaN
2026-09-25T12:30:00+00:00,"series",NaN
2026-09-25T12:30:15+00:00,"series",NaN
2026-09-25T12:30:30+00:00,"series",NaN
2026-09-25T12:30:45+00:00,"series",NaN
2026-09-25T12:31:00+00:00,"series",NaN
2026-09-25T12:31:15+00:00,"series",NaN
2026-09-25T12:31:30+00:00,"series",NaN
2026-09-25T12:31:45+00:00,"series",NaN
2026-09-25T12:32:00+00:00,"series",NaN
2026-09-25T12:32:15+00:00,"series",NaN
2026-09-25T12:34:45+00:00,"series",4.875
2026-09-25T12:35:00+00:00,"series",4.124999999999998
2026-09-25T12:35:15+00:00,"series",2.3874999999999997
2026-09-25T12:35:30+00:00,"series",2.362499999999999
2026-09-25T12:35:45+00:00,"series",2.362499999999999
2026-09-25T12:36:00+00:00,"series",2.3625000000000007
2026-09-25T12:36:15+00:00,"series",2.3625000000000003
2026-09-25T12:36:30+00:00,"series",2.357978007810311
2026-09-25T12:36:45+00:00,"series",2.1999999999999997
2026-09-25T12:37:00+00:00,"series",0.98
2026-09-25T12:37:15+00:00,"series",NaN
2026-09-25T12:37:30+00:00,"series",NaN
2026-09-25T12:37:45+00:00,"series",NaN
2026-09-25T12:38:00+00:00,"series",NaN
2026-09-25T12:38:15+00:00,"series",NaN
2026-09-25T12:38:30+00:00,"series",NaN
2026-09-25T12:38:45+00:00,"series",NaN
2026-09-25T12:39:00+00:00,"series",NaN
2026-09-25T12:39:15+00:00,"series",NaN
2026-09-25T12:39:30+00:00,"series",NaN
2026-09-25T12:39:45+00:00,"series",NaN
2026-09-25T12:40:00+00:00,"series",NaN
2026-09-25T12:40:15+00:00,"series",NaN
2026-09-25T12:40:30+00:00,"series",NaN
2026-09-25T12:40:45+00:00,"series",NaN
